V1,V2,V3,V4,V5,V6,V7
12/12/2023,542.165.002.741,09/01/2024,28,"133,0000","133,000","133,000"
07/12/2023,16.950.000.000,04/01/2024,28,"133,0000","133,000","133,000"
05/12/2023,28.648.000.000,02/01/2024,28,"133,0000","133,000","133,000"
30/11/2023,56.788.041.110,28/12/2023,28,"133,0000","133,000","133,000"
28/11/2023,352.161.704.142,26/12/2023,28,"133,0000","133,000","133,000"
23/11/2023,190.810.000.000,21/12/2023,28,"133,0000","133,000","133,000"
21/11/2023,1.073.730.000.000,19/12/2023,28,"133,0000","133,000","133,000"
16/11/2023,1.030.418.135.348,14/12/2023,28,"133,0000","133,000","133,000"
14/11/2023,2.075.203.913.871,12/12/2023,28,"133,0000","133,000","133,000"
09/11/2023,1.150.784.466.304,07/12/2023,28,"133,0000","133,000","133,000"
07/11/2023,1.572.122.216.444,05/12/2023,28,"133,0000","133,000","133,000"
02/11/2023,2.052.357.736.998,30/11/2023,28,"133,0000","133,000","133,000"
31/10/2023,1.543.087.521.116,28/11/2023,28,"133,0000","133,000","133,000"
26/10/2023,1.819.171.115.074,23/11/2023,28,"133,0000","133,000","133,000"
24/10/2023,2.704.577.979.069,21/11/2023,28,"133,0000","133,000","133,000"
19/10/2023,1.260.555.499.624,16/11/2023,28,"133,0000","133,000","133,000"
17/10/2023,1.891.270.935.793,14/11/2023,28,"133,0000","133,000","133,000"
12/10/2023,959.436.819.728,09/11/2023,28,"118,0000","118,000","118,000"
10/10/2023,1.328.666.468.502,07/11/2023,28,"118,0000","118,000","118,000"
05/10/2023,1.981.916.023.294,02/11/2023,28,"118,0000","118,000","118,000"
03/10/2023,1.766.475.239.931,31/10/2023,28,"118,0000","118,000","118,000"
28/09/2023,1.415.611.000.000,26/10/2023,28,"118,0000","118,000","118,000"
26/09/2023,2.312.803.620.822,24/10/2023,28,"118,0000","118,000","118,000"
21/09/2023,2.240.965.711.240,19/10/2023,28,"118,0000","118,000","118,000"
19/09/2023,2.018.335.359.732,17/10/2023,28,"118,0000","118,000","118,000"
14/09/2023,1.697.937.095.461,12/10/2023,28,"118,0000","118,000","118,000"
12/09/2023,1.527.299.668.502,10/10/2023,28,"118,0000","118,000","118,000"
07/09/2023,1.843.265.523.294,05/10/2023,28,"118,0000","118,000","118,000"
05/09/2023,1.996.925.283.055,03/10/2023,28,"118,0000","118,000","118,000"
31/08/2023,1.733.409.000.000,28/09/2023,28,"118,0000","118,000","118,000"
29/08/2023,2.313.261.620.822,26/09/2023,28,"118,0000","118,000","118,000"
24/08/2023,1.744.771.193.435,21/09/2023,28,"118,0000","118,000","118,000"
22/08/2023,1.691.919.059.730,19/09/2023,28,"118,0000","118,000","118,000"
17/08/2023,1.592.584.468.502,14/09/2023,28,"118,0000","118,000","118,000"
15/08/2023,1.763.705.804.940,12/09/2023,28,"118,0000","118,000","118,000"
10/08/2023,1.556.874.991.346,07/09/2023,28,"97,0000","97,000","97,000"
08/08/2023,1.813.800.115.564,05/09/2023,28,"97,0000","97,000","97,000"
03/08/2023,1.440.040.446.580,31/08/2023,28,"97,0000","97,000","97,000"
01/08/2023,2.207.806.562.753,29/08/2023,28,"97,0000","97,000","97,000"
27/07/2023,1.510.747.338.967,24/08/2023,28,"97,0000","97,000","97,000"
25/07/2023,1.552.490.418.634,22/08/2023,28,"97,0000","97,000","97,000"
20/07/2023,1.445.679.890.416,17/08/2023,28,"97,0000","97,000","97,000"
18/07/2023,1.339.129.378.635,15/08/2023,28,"97,0000","97,000","97,000"
13/07/2023,1.551.005.191.346,10/08/2023,28,"97,0000","97,000","97,000"
11/07/2023,1.919.455.815.564,08/08/2023,28,"97,0000","97,000","97,000"
06/07/2023,993.825.846.580,03/08/2023,28,"97,0000","97,000","97,000"
05/07/2023,10.000.000,03/01/2024,182,"105,5000","105,500","105,500"
04/07/2023,2.108.274.221.928,01/08/2023,28,"97,0000","97,000","97,000"
29/06/2023,1.724.457.021.159,27/07/2023,28,"97,0000","97,000","97,000"
27/06/2023,1.543.496.836.442,25/07/2023,28,"97,0000","97,000","97,000"
22/06/2023,1.424.279.293.158,20/07/2023,28,"97,0000","97,000","97,000"
21/06/2023,1.276.834.614.530,18/07/2023,27,"97,0000","97,000","97,000"
15/06/2023,1.366.229.342.524,13/07/2023,28,"97,0000","97,000","97,000"
13/06/2023,1.270.016.933.044,11/07/2023,28,"97,0000","97,000","97,000"
08/06/2023,1.407.171.649.864,06/07/2023,28,"97,0000","97,000","97,000"
06/06/2023,1.795.901.770.412,04/07/2023,28,"97,0000","97,000","97,000"
01/06/2023,1.831.845.196.509,29/06/2023,28,"97,0000","97,000","97,000"
30/05/2023,1.316.009.436.442,27/06/2023,28,"97,0000","97,000","97,000"
24/05/2023,1.158.691.189.044,22/06/2023,29,"97,0000","97,000","97,000"
23/05/2023,1.215.687.903.021,21/06/2023,29,"97,0000","97,000","97,000"
18/05/2023,1.071.406.099.728,15/06/2023,28,"97,0000","97,000","97,000"
16/05/2023,1.184.286.666.855,13/06/2023,28,"97,0000","97,000","97,000"
11/05/2023,1.489.602.867.400,08/06/2023,28,"91,0000","91,000","91,000"
09/05/2023,1.637.376.357.810,06/06/2023,28,"91,0000","91,000","91,000"
04/05/2023,1.235.547.073.430,01/06/2023,28,"91,0000","91,000","91,000"
02/05/2023,1.524.143.963.860,30/05/2023,28,"91,0000","91,000","91,000"
27/04/2023,1.332.857.021.236,24/05/2023,27,"91,0000","91,000","91,000"
25/04/2023,1.253.390.776.987,23/05/2023,28,"81,0000","81,000","81,000"
20/04/2023,1.089.365.247.947,18/05/2023,28,"81,0000","81,000","81,000"
18/04/2023,1.012.052.220.833,16/05/2023,28,"78,0000","78,000","78,000"
13/04/2023,955.145.172.058,11/05/2023,28,"78,0000","78,000","78,000"
11/04/2023,1.403.394.163.838,09/05/2023,28,"78,0000","78,000","78,000"
05/04/2023,1.107.090.782.199,04/05/2023,29,"78,0000","78,000","78,000"
04/04/2023,1.180.343.597.556,02/05/2023,28,"78,0000","78,000","78,000"
30/03/2023,1.340.403.200.556,27/04/2023,28,"78,0000","78,000","78,000"
28/03/2023,1.040.210.056.998,25/04/2023,28,"78,0000","78,000","78,000"
23/03/2023,1.048.394.942.471,20/04/2023,28,"78,0000","78,000","78,000"
21/03/2023,1.258.474.650.975,18/04/2023,28,"78,0000","78,000","78,000"
16/03/2023,654.485.780.824,13/04/2023,28,"75,0000","75,000","75,000"
14/03/2023,1.298.005.657.536,11/04/2023,28,"75,0000","75,000","75,000"
09/03/2023,1.039.930.119.868,05/04/2023,27,"75,0000","75,000","75,000"
07/03/2023,1.061.705.988.770,04/04/2023,28,"75,0000","75,000","75,000"
02/03/2023,1.333.658.782.194,30/03/2023,28,"75,0000","75,000","75,000"
28/02/2023,1.102.868.328.769,28/03/2023,28,"75,0000","75,000","75,000"
23/02/2023,839.897.506.852,23/03/2023,28,"75,0000","75,000","75,000"
22/02/2023,693.411.616.442,21/03/2023,27,"75,0000","75,000","75,000"
22/02/2023,19.828.000.000,23/08/2023,182,"83,5000","83,500","83,500"
16/02/2023,768.187.260.276,16/03/2023,28,"75,0000","75,000","75,000"
14/02/2023,953.563.190.276,14/03/2023,28,"75,0000","75,000","75,000"
09/02/2023,1.124.742.983.564,09/03/2023,28,"75,0000","75,000","75,000"
08/02/2023,28.327.000.000,09/08/2023,182,"83,5000","83,500","83,500"
07/02/2023,1.148.588.097.262,07/03/2023,28,"75,0000","75,000","75,000"
02/02/2023,1.252.670.400.002,02/03/2023,28,"75,0000","75,000","75,000"
31/01/2023,1.163.424.838.358,28/02/2023,28,"75,0000","75,000","75,000"
26/01/2023,959.320.953.426,23/02/2023,28,"75,0000","75,000","75,000"
24/01/2023,521.001.123.290,22/02/2023,29,"75,0000","75,000","75,000"
19/01/2023,710.540.739.728,16/02/2023,28,"75,0000","75,000","75,000"
18/01/2023,8.498.000.000,19/07/2023,182,"83,5000","83,500","83,500"
17/01/2023,832.671.109.592,14/02/2023,28,"75,0000","75,000","75,000"
12/01/2023,961.321.460.278,09/02/2023,28,"75,0000","75,000","75,000"
11/01/2023,3.200.000.000,12/07/2023,182,"83,5000","83,500","83,500"
10/01/2023,1.031.858.136.988,07/02/2023,28,"75,0000","75,000","75,000"
05/01/2023,979.646.657.537,02/02/2023,28,"75,0000","75,000","75,000"
04/01/2023,7.800.000.000,05/07/2023,182,"83,5000","83,500","83,500"
03/01/2023,1.003.147.308.221,31/01/2023,28,"75,0000","75,000","75,000"
29/12/2022,1.074.024.136.988,26/01/2023,28,"75,0000","75,000","75,000"
28/12/2022,2.543.252.604,28/06/2023,182,"83,5000","83,500","83,500"
27/12/2022,749.740.897.264,24/01/2023,28,"75,0000","75,000","75,000"
22/12/2022,812.990.787.674,19/01/2023,28,"75,0000","75,000","75,000"
21/12/2022,5.084.981.372,21/06/2023,182,"83,5000","83,500","83,500"
20/12/2022,983.483.975.345,17/01/2023,28,"75,0000","75,000","75,000"
15/12/2022,716.898.465.756,12/01/2023,28,"75,0000","75,000","75,000"
14/12/2022,3.613.308.496,14/06/2023,182,"83,5000","83,500","83,500"
13/12/2022,821.813.013.702,10/01/2023,28,"75,0000","75,000","75,000"
07/12/2022,971.376.738.360,05/01/2023,29,"75,0000","75,000","75,000"
07/12/2022,4.250.000.000,07/06/2023,182,"83,5000","83,500","83,500"
06/12/2022,759.192.924.660,03/01/2023,28,"75,0000","75,000","75,000"
01/12/2022,1.160.893.431.507,29/12/2022,28,"75,0000","75,000","75,000"
29/11/2022,745.140.821.929,27/12/2022,28,"75,0000","75,000","75,000"
24/11/2022,747.483.020.551,22/12/2022,28,"75,0000","75,000","75,000"
22/11/2022,845.856.224.660,20/12/2022,28,"75,0000","75,000","75,000"
17/11/2022,804.758.506.852,15/12/2022,28,"75,0000","75,000","75,000"
15/11/2022,765.038.630.138,13/12/2022,28,"75,0000","75,000","75,000"
10/11/2022,805.382.273.974,07/12/2022,27,"75,0000","75,000","75,000"
08/11/2022,758.965.438.358,06/12/2022,28,"75,0000","75,000","75,000"
03/11/2022,990.445.480.824,01/12/2022,28,"75,0000","75,000","75,000"
01/11/2022,782.016.876.715,29/11/2022,28,"75,0000","75,000","75,000"
27/10/2022,659.651.808.222,24/11/2022,28,"75,0000","75,000","75,000"
25/10/2022,835.283.578.084,22/11/2022,28,"75,0000","75,000","75,000"
20/10/2022,800.841.547.947,17/11/2022,28,"75,0000","75,000","75,000"
18/10/2022,796.509.136.988,15/11/2022,28,"75,0000","75,000","75,000"
13/10/2022,571.829.876.713,10/11/2022,28,"75,0000","75,000","75,000"
11/10/2022,627.222.876.713,08/11/2022,28,"75,0000","75,000","75,000"
06/10/2022,954.229.534.248,03/11/2022,28,"75,0000","75,000","75,000"
04/10/2022,649.612.378.085,01/11/2022,28,"75,0000","75,000","75,000"
29/09/2022,841.696.657.535,27/10/2022,28,"75,0000","75,000","75,000"
27/09/2022,813.728.575.344,25/10/2022,28,"75,0000","75,000","75,000"
22/09/2022,924.108.301.372,20/10/2022,28,"75,0000","75,000","75,000"
20/09/2022,822.502.379.452,18/10/2022,28,"75,0000","75,000","75,000"
15/09/2022,422.151.997.261,13/10/2022,28,"69,5000","69,500","69,500"
13/09/2022,623.705.665.754,11/10/2022,28,"69,5000","69,500","69,500"
08/09/2022,857.912.654.796,06/10/2022,28,"69,5000","69,500","69,500"
06/09/2022,490.920.326.028,04/10/2022,28,"69,5000","69,500","69,500"
01/09/2022,851.964.795.619,29/09/2022,28,"69,5000","69,500","69,500"
30/08/2022,741.517.659.731,27/09/2022,28,"69,5000","69,500","69,500"
25/08/2022,816.441.862.175,22/09/2022,28,"69,5000","69,500","69,500"
23/08/2022,499.609.873.536,20/09/2022,28,"69,5000","69,500","69,500"
18/08/2022,393.926.997.262,15/09/2022,28,"69,5000","69,500","69,500"
16/08/2022,372.375.596.714,13/09/2022,28,"69,5000","69,500","69,500"
11/08/2022,464.018.663.016,08/09/2022,28,"69,5000","69,500","69,500"
09/08/2022,652.924.904.111,06/09/2022,28,"60,0000","60,000","60,000"
04/08/2022,996.269.203.648,01/09/2022,28,"60,0000","60,000","60,000"
03/08/2022,300.000.000,01/02/2023,182,"68,1000","68,100","68,100"
02/08/2022,745.108.331.326,30/08/2022,28,"60,0000","60,000","60,000"
28/07/2022,719.036.606.716,25/08/2022,28,"60,0000","60,000","60,000"
27/07/2022,300.000.000,25/01/2023,182,"58,5000","58,500","58,500"
26/07/2022,456.462.183.015,23/08/2022,28,"52,0000","52,000","52,000"
21/07/2022,392.600.989.042,18/08/2022,28,"52,0000","52,000","52,000"
19/07/2022,426.118.185.754,16/08/2022,28,"52,0000","52,000","52,000"
14/07/2022,277.402.989.042,11/08/2022,28,"52,0000","52,000","52,000"
12/07/2022,775.273.983.562,09/08/2022,28,"52,0000","52,000","52,000"
07/07/2022,1.000.000.000.000,04/08/2022,28,"52,0000","52,000","52,000"
05/07/2022,551.960.391.176,02/08/2022,28,"52,0000","52,000","52,000"
05/07/2022,221.584.912,04/01/2023,183,"58,5000","58,500","58,500"
30/06/2022,700.000.000.000,28/07/2022,28,"52,0000","52,000","52,000"
28/06/2022,500.000.000.000,26/07/2022,28,"52,0000","52,000","52,000"
23/06/2022,510.318.494.521,21/07/2022,28,"52,0000","52,000","52,000"
21/06/2022,3.733.000.000,21/12/2022,183,"58,5000","58,500","58,500"
21/06/2022,616.307.196.164,19/07/2022,28,"52,0000","52,000","52,000"
16/06/2022,265.638.000.000,14/07/2022,28,"49,0000","49,000","49,000"
14/06/2022,432.063.000.000,12/07/2022,28,"49,0000","49,000","49,000"
09/06/2022,500.832.751.781,07/07/2022,28,"49,0000","49,000","49,000"
07/06/2022,788.061.751.781,05/07/2022,28,"49,0000","49,000","49,000"
02/06/2022,788.641.819.179,30/06/2022,28,"49,0000","49,000","49,000"
31/05/2022,535.158.450.413,28/06/2022,28,"49,0000","49,000","49,000"
26/05/2022,414.896.766.029,23/06/2022,28,"49,0000","49,000","49,000"
24/05/2022,405.112.886.577,21/06/2022,28,"49,0000","49,000","49,000"
19/05/2022,400.491.195.070,16/06/2022,28,"49,0000","49,000","49,000"
17/05/2022,339.638.095.070,14/06/2022,28,"49,0000","49,000","49,000"
12/05/2022,447.189.000.000,09/06/2022,28,"47,0000","47,000","47,000"
10/05/2022,623.667.721.096,07/06/2022,28,"47,0000","47,000","47,000"
05/05/2022,639.312.785.756,02/06/2022,28,"47,0000","47,000","47,000"
03/05/2022,647.427.406.852,31/05/2022,28,"47,0000","47,000","47,000"
28/04/2022,439.239.095.346,26/05/2022,28,"47,0000","47,000","47,000"
26/04/2022,373.570.292.606,24/05/2022,28,"47,0000","47,000","47,000"
21/04/2022,449.947.275.620,19/05/2022,28,"47,0000","47,000","47,000"
19/04/2022,368.455.566.028,17/05/2022,28,"47,0000","47,000","47,000"
13/04/2022,407.440.651.713,12/05/2022,29,"44,5000","44,500","44,500"
12/04/2022,553.720.243.015,10/05/2022,28,"44,5000","44,500","44,500"
07/04/2022,527.155.656.715,05/05/2022,28,"44,5000","44,500","44,500"
05/04/2022,641.923.096.440,03/05/2022,28,"44,5000","44,500","44,500"
31/03/2022,415.492.120.550,28/04/2022,28,"44,5000","44,500","44,500"
29/03/2022,288.390.267.125,26/04/2022,28,"44,5000","44,500","44,500"
23/03/2022,571.465.522.398,21/04/2022,29,"44,5000","44,500","44,500"
22/03/2022,243.016.000.000,19/04/2022,28,"42,5000","42,500","42,500"
17/03/2022,247.319.471.575,13/04/2022,27,"42,5000","42,500","42,500"
15/03/2022,529.709.652.055,12/04/2022,28,"42,5000","42,500","42,500"
10/03/2022,538.335.802.743,07/04/2022,28,"42,5000","42,500","42,500"
08/03/2022,525.179.815.068,05/04/2022,28,"42,5000","42,500","42,500"
03/03/2022,389.363.806.511,31/03/2022,28,"42,5000","42,500","42,500"
02/03/2022,1.000.000.000,31/08/2022,182,"47,0000","47,000","47,000"
02/03/2022,331.173.361.303,29/03/2022,27,"42,5000","42,500","42,500"
24/02/2022,350.082.016.919,23/03/2022,27,"42,5000","42,500","42,500"
22/02/2022,455.098.108.220,22/03/2022,28,"42,5000","42,500","42,500"
22/02/2022,470.000.000,24/08/2022,183,"47,0000","47,000","47,000"
17/02/2022,394.237.915.070,17/03/2022,28,"40,0000","40,000","40,000"
15/02/2022,559.240.360.235,15/03/2022,28,"40,0000","40,000","40,000"
15/02/2022,2.100.000.000,17/08/2022,183,"44,0000","44,000","44,000"
10/02/2022,422.297.023.289,10/03/2022,28,"40,0000","40,000","40,000"
08/02/2022,600.019.176.713,08/03/2022,28,"40,0000","40,000","40,000"
08/02/2022,250.000.000,10/08/2022,183,"44,0000","44,000","44,000"
03/02/2022,317.071.835.617,03/03/2022,28,"40,0000","40,000","40,000"
01/02/2022,375.010.239.727,02/03/2022,29,"40,0000","40,000","40,000"
01/02/2022,9.094.000.000,03/08/2022,183,"44,0000","44,000","44,000"
27/01/2022,260.619.982.129,24/02/2022,28,"40,0000","40,000","40,000"
25/01/2022,89.793.060.275,27/07/2022,183,"44,0000","44,000","44,000"
25/01/2022,294.568.068.494,22/02/2022,28,"40,0000","40,000","40,000"
20/01/2022,343.485.823.015,17/02/2022,28,"40,0000","40,000","40,000"
18/01/2022,550.325.206.809,15/02/2022,28,"40,0000","40,000","40,000"
18/01/2022,98.481.592.879,20/07/2022,183,"44,0000","44,000","44,000"
13/01/2022,439.821.962.517,10/02/2022,28,"40,0000","40,000","40,000"
11/01/2022,829.854.889.424,08/02/2022,28,"40,0000","40,000","40,000"
11/01/2022,175.190.442.193,13/07/2022,183,"44,0000","44,000","44,000"
06/01/2022,108.857.557.416,03/02/2022,28,"38,0000","38,000","38,000"
04/01/2022,440.935.407.057,01/02/2022,28,"38,0000","38,000","38,000"
30/12/2021,186.817.400.710,27/01/2022,28,"38,0000","38,000","38,000"
28/12/2021,307.833.412.277,25/01/2022,28,"38,0000","38,000","38,000"
23/12/2021,152.002.123.598,20/01/2022,28,"38,0000","38,000","38,000"
21/12/2021,309.719.149.553,18/01/2022,28,"38,0000","38,000","38,000"
16/12/2021,167.727.977.667,13/01/2022,28,"38,0000","38,000","38,000"
14/12/2021,281.148.915.923,11/01/2022,28,"38,0000","38,000","38,000"
09/12/2021,196.646.200.898,06/01/2022,28,"38,0000","38,000","38,000"
07/12/2021,232.261.880.557,04/01/2022,28,"38,0000","38,000","38,000"
02/12/2021,318.114.975.742,30/12/2021,28,"38,0000","38,000","38,000"
30/11/2021,442.991.175.540,28/12/2021,28,"38,0000","38,000","38,000"
25/11/2021,100.000.000.000,23/12/2021,28,"38,0000","38,000","38,000"
23/11/2021,349.501.687.660,21/12/2021,28,"38,0000","38,000","38,000"
18/11/2021,190.000.000.000,16/12/2021,28,"38,0000","38,000","38,000"
16/11/2021,431.480.653.969,14/12/2021,28,"38,0000","38,000","38,000"
11/11/2021,196.981.828.595,09/12/2021,28,"38,0000","38,000","38,000"
09/11/2021,248.501.784.782,07/12/2021,28,"38,0000","38,000","38,000"
04/11/2021,303.049.826.530,02/12/2021,28,"38,0000","38,000","38,000"
02/11/2021,285.471.882.826,30/11/2021,28,"38,0000","38,000","38,000"
28/10/2021,135.184.541.134,25/11/2021,28,"38,0000","38,000","38,000"
26/10/2021,290.000.000.000,23/11/2021,28,"38,0000","38,000","38,000"
21/10/2021,221.183.874.743,18/11/2021,28,"38,0000","38,000","38,000"
19/10/2021,394.780.362.461,16/11/2021,28,"38,0000","38,000","38,000"
14/10/2021,180.000.000.000,11/11/2021,28,"38,0000","38,000","38,000"
12/10/2021,349.722.893.983,09/11/2021,28,"38,0000","38,000","38,000"
07/10/2021,347.834.212.291,04/11/2021,28,"38,0000","38,000","38,000"
05/10/2021,240.000.000.000,02/11/2021,28,"38,0000","38,000","38,000"
30/09/2021,183.797.818.669,28/10/2021,28,"38,0000","38,000","38,000"
28/09/2021,320.000.000.000,26/10/2021,28,"38,0000","38,000","38,000"
23/09/2021,202.238.347.509,21/10/2021,28,"38,0000","38,000","38,000"
21/09/2021,361.172.012.829,19/10/2021,28,"38,0000","38,000","38,000"
16/09/2021,210.000.000.000,14/10/2021,28,"38,0000","38,000","38,000"
14/09/2021,269.828.223.518,12/10/2021,28,"38,0000","38,000","38,000"
09/09/2021,200.000.000.000,07/10/2021,28,"38,0000","38,000","38,000"
07/09/2021,275.688.585.311,05/10/2021,28,"38,0000","38,000","38,000"
02/09/2021,302.161.730.510,30/09/2021,28,"38,0000","38,000","38,000"
31/08/2021,350.163.918.765,28/09/2021,28,"38,0000","38,000","38,000"
26/08/2021,230.000.000.000,23/09/2021,28,"38,0000","38,000","38,000"
24/08/2021,315.870.981.732,21/09/2021,28,"38,0000","38,000","38,000"
19/08/2021,235.508.292.214,16/09/2021,28,"38,0000","38,000","38,000"
17/08/2021,180.000.000.000,14/09/2021,28,"38,0000","38,000","38,000"
12/08/2021,224.238.639.106,09/09/2021,28,"38,0000","38,000","38,000"
10/08/2021,246.919.614.461,07/09/2021,28,"38,0000","38,000","38,000"
05/08/2021,320.229.433.240,02/09/2021,28,"38,0000","38,000","38,000"
03/08/2021,330.000.000.000,31/08/2021,28,"38,0000","38,000","38,000"
29/07/2021,262.180.292.138,26/08/2021,28,"38,0000","38,000","38,000"
27/07/2021,295.111.827.486,24/08/2021,28,"38,0000","38,000","38,000"
22/07/2021,241.770.517.906,19/08/2021,28,"38,0000","38,000","38,000"
20/07/2021,200.000.000.000,17/08/2021,28,"38,0000","38,000","38,000"
15/07/2021,191.011.493.353,12/08/2021,28,"38,0000","38,000","38,000"
13/07/2021,207.592.055.856,10/08/2021,28,"38,0000","38,000","38,000"
08/07/2021,266.664.178.331,05/08/2021,28,"38,0000","38,000","38,000"
06/07/2021,350.948.424.732,03/08/2021,28,"38,0000","38,000","38,000"
01/07/2021,283.562.889.591,29/07/2021,28,"38,0000","38,000","38,000"
29/06/2021,266.899.910.500,27/07/2021,28,"38,0000","38,000","38,000"
24/06/2021,256.782.330.541,22/07/2021,28,"38,0000","38,000","38,000"
22/06/2021,210.468.139.716,20/07/2021,28,"38,0000","38,000","38,000"
17/06/2021,189.670.410.632,15/07/2021,28,"38,0000","38,000","38,000"
15/06/2021,210.000.000.000,13/07/2021,28,"38,0000","38,000","38,000"
10/06/2021,261.406.747.795,08/07/2021,28,"38,0000","38,000","38,000"
08/06/2021,270.000.000.000,06/07/2021,28,"38,0000","38,000","38,000"
03/06/2021,354.028.484.549,01/07/2021,28,"38,0000","38,000","38,000"
01/06/2021,262.937.247.979,29/06/2021,28,"38,0000","38,000","38,000"
27/05/2021,265.795.695.807,24/06/2021,28,"38,0000","38,000","38,000"
26/05/2021,249.182.987.551,22/06/2021,27,"38,0000","38,000","38,000"
20/05/2021,181.779.397.957,17/06/2021,28,"38,0000","38,000","38,000"
18/05/2021,225.000.000.000,15/06/2021,28,"38,0000","38,000","38,000"
13/05/2021,201.357.149.264,10/06/2021,28,"38,0000","38,000","38,000"
11/05/2021,309.985.765.401,08/06/2021,28,"38,0000","38,000","38,000"
06/05/2021,223.212.286.302,03/06/2021,28,"38,0000","38,000","38,000"
04/05/2021,326.790.434.280,01/06/2021,28,"38,0000","38,000","38,000"
29/04/2021,304.750.300.460,27/05/2021,28,"38,0000","38,000","38,000"
27/04/2021,270.000.000.000,26/05/2021,29,"38,0000","38,000","38,000"
22/04/2021,173.747.623.564,20/05/2021,28,"38,0000","38,000","38,000"
20/04/2021,230.933.857.330,18/05/2021,28,"38,0000","38,000","38,000"
15/04/2021,239.382.890.963,13/05/2021,28,"38,0000","38,000","38,000"
13/04/2021,321.363.232.414,11/05/2021,28,"38,0000","38,000","38,000"
08/04/2021,211.996.040.217,06/05/2021,28,"38,0000","38,000","38,000"
06/04/2021,343.529.862.855,04/05/2021,28,"38,0000","38,000","38,000"
31/03/2021,196.442.365.672,29/04/2021,29,"38,0000","38,000","38,000"
30/03/2021,287.893.146.865,27/04/2021,28,"38,0000","38,000","38,000"
25/03/2021,193.915.935.345,22/04/2021,28,"38,0000","38,000","38,000"
23/03/2021,224.459.674.907,20/04/2021,28,"38,0000","38,000","38,000"
18/03/2021,174.345.307.949,15/04/2021,28,"38,0000","38,000","38,000"
16/03/2021,292.985.830.138,13/04/2021,28,"38,0000","38,000","38,000"
11/03/2021,187.140.311.450,08/04/2021,28,"38,0000","38,000","38,000"
09/03/2021,263.435.732.852,06/04/2021,28,"38,0000","38,000","38,000"
04/03/2021,267.688.101.603,31/03/2021,27,"38,0000","38,000","38,000"
02/03/2021,297.571.835.084,30/03/2021,28,"38,0000","38,000","38,000"
25/02/2021,228.447.226.852,25/03/2021,28,"38,0000","38,000","38,000"
23/02/2021,201.014.403.674,23/03/2021,28,"38,0000","38,000","38,000"
18/02/2021,170.027.036.714,18/03/2021,28,"38,0000","38,000","38,000"
17/02/2021,242.911.965.206,16/03/2021,27,"38,0000","38,000","38,000"
11/02/2021,228.050.436.929,11/03/2021,28,"38,0000","38,000","38,000"
09/02/2021,252.178.853.893,09/03/2021,28,"38,0000","38,000","38,000"
04/02/2021,215.967.511.795,04/03/2021,28,"38,0000","38,000","38,000"
02/02/2021,273.426.980.837,02/03/2021,28,"38,0000","38,000","38,000"
28/01/2021,205.715.101.373,25/02/2021,28,"38,0000","38,000","38,000"
26/01/2021,232.443.312.165,23/02/2021,28,"38,0000","38,000","38,000"
21/01/2021,157.944.036.713,18/02/2021,28,"38,0000","38,000","38,000"
19/01/2021,289.562.276.220,17/02/2021,29,"38,0000","38,000","38,000"
14/01/2021,179.844.518.820,11/02/2021,28,"38,0000","38,000","38,000"
12/01/2021,235.075.499.647,09/02/2021,28,"38,0000","38,000","38,000"
07/01/2021,181.291.240.562,04/02/2021,28,"38,0000","38,000","38,000"
05/01/2021,257.199.915.069,02/02/2021,28,"38,0000","38,000","38,000"
30/12/2020,212.644.830.687,28/01/2021,29,"38,0000","38,000","38,000"
29/12/2020,240.286.866.138,26/01/2021,28,"38,0000","38,000","38,000"
23/12/2020,95.251.238.632,21/01/2021,29,"38,0000","38,000","38,000"
22/12/2020,305.415.126.302,19/01/2021,28,"38,0000","38,000","38,000"
17/12/2020,183.381.708.162,14/01/2021,28,"38,0000","38,000","38,000"
15/12/2020,236.939.625.126,12/01/2021,28,"38,0000","38,000","38,000"
10/12/2020,195.848.021.562,07/01/2021,28,"38,0000","38,000","38,000"
09/12/2020,232.126.654.247,05/01/2021,27,"38,0000","38,000","38,000"
03/12/2020,215.053.681.097,31/12/2020,28,"38,0000","38,000","38,000"
01/12/2020,169.603.941.140,29/12/2020,28,"38,0000","38,000","38,000"
26/11/2020,153.887.868.770,24/12/2020,28,"38,0000","38,000","38,000"
24/11/2020,270.525.125.314,22/12/2020,28,"38,0000","38,000","38,000"
19/11/2020,193.106.708.162,17/12/2020,28,"38,0000","38,000","38,000"
17/11/2020,235.182.557.948,15/12/2020,28,"38,0000","38,000","38,000"
12/11/2020,213.886.027.864,10/12/2020,28,"36,0000","36,000","36,000"
10/11/2020,238.619.017.973,09/12/2020,29,"36,0000","36,000","36,000"
05/11/2020,189.029.899.728,03/12/2020,28,"36,0000","36,000","36,000"
03/11/2020,176.795.395.933,01/12/2020,28,"36,0000","36,000","36,000"
29/10/2020,136.051.532.331,26/11/2020,28,"36,0000","36,000","36,000"
27/10/2020,298.786.177.372,24/11/2020,28,"36,0000","36,000","36,000"
22/10/2020,132.762.790.573,19/11/2020,28,"36,0000","36,000","36,000"
20/10/2020,246.824.171.318,17/11/2020,28,"36,0000","36,000","36,000"
15/10/2020,203.248.274.220,12/11/2020,28,"37,0000","37,000","37,000"
13/10/2020,247.089.137.617,10/11/2020,28,"37,0000","37,000","37,000"
08/10/2020,180.533.019.508,05/11/2020,28,"38,0000","38,000","38,000"
06/10/2020,162.760.537.849,03/11/2020,28,"38,0000","38,000","38,000"
01/10/2020,159.608.539.730,29/10/2020,28,"38,0000","38,000","38,000"
29/09/2020,361.762.143.292,27/10/2020,28,"38,0000","38,000","38,000"
24/09/2020,152.729.955.839,22/10/2020,28,"38,0000","38,000","38,000"
22/09/2020,283.589.625.126,20/10/2020,28,"38,0000","38,000","38,000"
17/09/2020,171.849.729.562,15/10/2020,28,"38,0000","38,000","38,000"
15/09/2020,269.814.285.547,13/10/2020,28,"38,0000","38,000","38,000"
10/09/2020,155.256.422.056,08/10/2020,28,"38,0000","38,000","38,000"
08/09/2020,242.465.433.426,06/10/2020,28,"38,0000","38,000","38,000"
03/09/2020,205.338.917.441,01/10/2020,28,"38,0000","38,000","38,000"
01/09/2020,374.435.951.785,29/09/2020,28,"38,0000","38,000","38,000"
27/08/2020,129.272.377.333,24/09/2020,28,"38,0000","38,000","38,000"
25/08/2020,330.146.002.968,22/09/2020,28,"38,0000","38,000","38,000"
20/08/2020,137.590.612.987,17/09/2020,28,"38,0000","38,000","38,000"
18/08/2020,286.378.541.122,15/09/2020,28,"38,0000","38,000","38,000"
13/08/2020,142.613.165.070,10/09/2020,28,"38,0000","38,000","38,000"
11/08/2020,250.667.789.592,08/09/2020,28,"38,0000","38,000","38,000"
06/08/2020,182.907.208.948,03/09/2020,28,"38,0000","38,000","38,000"
04/08/2020,397.175.368.771,01/09/2020,28,"38,0000","38,000","38,000"
30/07/2020,111.035.324.204,27/08/2020,28,"38,0000","38,000","38,000"
28/07/2020,366.572.237.660,25/08/2020,28,"38,0000","38,000","38,000"
23/07/2020,120.000.000.000,20/08/2020,28,"38,0000","38,000","38,000"
21/07/2020,306.116.178.000,18/08/2020,28,"38,0000","38,000","38,000"
16/07/2020,114.000.000.000,13/08/2020,28,"38,0000","38,000","38,000"
14/07/2020,215.620.719.891,11/08/2020,28,"38,0000","38,000","38,000"
08/07/2020,120.494.243.782,06/08/2020,29,"38,0000","38,000","38,000"
07/07/2020,318.960.030.935,04/08/2020,28,"38,0000","38,000","38,000"
02/07/2020,125.000.000.000,30/07/2020,28,"38,0000","38,000","38,000"
30/06/2020,401.000.000.000,28/07/2020,28,"38,0000","38,000","38,000"
25/06/2020,102.000.000.000,23/07/2020,28,"38,0000","38,000","38,000"
23/06/2020,320.000.000.000,21/07/2020,28,"38,0000","38,000","38,000"
18/06/2020,113.979.115.000,16/07/2020,28,"38,0000","38,000","38,000"
16/06/2020,208.008.874.521,14/07/2020,28,"38,0000","38,000","38,000"
11/06/2020,139.793.197.534,08/07/2020,27,"38,0000","38,000","38,000"
09/06/2020,298.296.685.753,07/07/2020,28,"38,0000","38,000","38,000"
04/06/2020,100.622.249.042,02/07/2020,28,"38,0000","38,000","38,000"
02/06/2020,400.601.959.264,30/06/2020,28,"38,0000","38,000","38,000"
28/05/2020,102.000.000.000,25/06/2020,28,"38,0000","38,000","38,000"
26/05/2020,319.000.000.000,23/06/2020,28,"38,0000","38,000","38,000"
21/05/2020,99.000.000.000,18/06/2020,28,"38,0000","38,000","38,000"
19/05/2020,214.173.524.713,16/06/2020,28,"38,0000","38,000","38,000"
14/05/2020,137.381.797.534,11/06/2020,28,"38,0000","38,000","38,000"
12/05/2020,280.655.276.509,09/06/2020,28,"38,0000","38,000","38,000"
07/05/2020,88.482.818.212,04/06/2020,28,"38,0000","38,000","38,000"
05/05/2020,97.859.945.251,02/06/2020,28,"38,0000","38,000","38,000"
30/04/2020,101.360.657.909,28/05/2020,28,"38,0000","38,000","38,000"
28/04/2020,318.972.139.994,26/05/2020,28,"38,0000","38,000","38,000"
23/04/2020,98.889.493.246,21/05/2020,28,"38,0000","38,000","38,000"
21/04/2020,78.954.400.000,19/05/2020,28,"38,0000","38,000","38,000"
16/04/2020,134.522.651.781,14/05/2020,28,"38,0000","38,000","38,000"
14/04/2020,300.000.000.000,12/05/2020,28,"38,0000","38,000","38,000"
08/04/2020,90.000.000.000,07/05/2020,29,"38,0000","38,000","38,000"
07/04/2020,65.000.000.000,05/05/2020,28,"38,0000","38,000","38,000"
03/04/2020,200.000.000.000,30/04/2020,27,"38,0000","38,000","38,000"
01/04/2020,350.000.000.000,28/04/2020,27,"38,0000","38,000","38,000"
26/03/2020,100.000.000.000,23/04/2020,28,"38,0000","38,000","38,000"
25/03/2020,76.950.000.000,21/04/2020,27,"38,0000","38,000","38,000"
19/03/2020,117.243.372.605,16/04/2020,28,"38,0000","38,000","38,000"
17/03/2020,120.000.000.000,14/04/2020,28,"38,0000","38,000","38,000"
12/03/2020,100.000.000.000,08/04/2020,27,"38,0000","38,000","38,000"
10/03/2020,73.156.556.384,07/04/2020,28,"38,0000","38,000","38,000"
05/03/2020,232.113.019.728,03/04/2020,29,"40,0000","40,000","40,000"
03/03/2020,450.000.000.000,31/03/2020,28,"40,0000","40,000","40,000"
27/02/2020,147.000.000.000,26/03/2020,28,"40,0000","40,000","40,000"
26/02/2020,210.000.000.000,25/03/2020,28,"40,0000","40,000","40,000"
20/02/2020,200.000.000.000,19/03/2020,28,"40,0000","40,000","40,000"
18/02/2020,180.000.000.000,17/03/2020,28,"44,0000","44,000","44,000"
13/02/2020,156.810.116.104,12/03/2020,28,"48,0000","48,000","48,000"
11/02/2020,129.595.918.111,10/03/2020,28,"48,0000","48,000","48,000"
06/02/2020,63.848.021.808,27/02/2020,21,"48,0000","48,000","48,000"
06/02/2020,223.798.934.139,05/03/2020,28,"48,0000","48,000","48,000"
04/02/2020,138.377.874.468,26/02/2020,22,"48,0000","48,000","48,000"
04/02/2020,342.409.148.856,03/03/2020,28,"48,0000","48,000","48,000"
30/01/2020,160.000.000.000,13/02/2020,14,"50,0000","50,000","50,000"
30/01/2020,110.800.761.645,20/02/2020,21,"50,0000","50,000","50,000"
28/01/2020,150.000.000.000,11/02/2020,14,"50,0000","50,000","50,000"
28/01/2020,152.037.345.549,18/02/2020,21,"50,0000","50,000","50,000"
23/01/2020,350.000.000.000,06/02/2020,14,"50,0000","50,000","50,000"
23/01/2020,211.869.741.234,30/01/2020,7,"50,0000","50,000","50,000"
21/01/2020,150.000.000.000,28/01/2020,7,"50,0000","50,000","50,000"
21/01/2020,550.000.000.000,04/02/2020,14,"50,0000","50,000","50,000"
20/01/2020,179.088.526.624,27/01/2020,7,"50,0000","50,000","50,000"
17/01/2020,130.914.267.446,24/01/2020,7,"50,0000","50,000","50,000"
16/01/2020,147.078.148.798,23/01/2020,7,"52,0000","52,000","52,000"
15/01/2020,132.084.398.952,22/01/2020,7,"52,0000","52,000","52,000"
14/01/2020,191.178.171.419,21/01/2020,7,"52,0000","52,000","52,000"
13/01/2020,177.387.549.170,20/01/2020,7,"52,0000","52,000","52,000"
10/01/2020,129.670.847.661,17/01/2020,7,"52,0000","52,000","52,000"
09/01/2020,145.625.878.565,16/01/2020,7,"55,0000","55,000","55,000"
08/01/2020,130.780.179.104,15/01/2020,7,"55,0000","55,000","55,000"
07/01/2020,189.290.451.389,14/01/2020,7,"55,0000","55,000","55,000"
06/01/2020,175.635.999.675,13/01/2020,7,"55,0000","55,000","55,000"
03/01/2020,128.390.459.557,10/01/2020,7,"55,0000","55,000","55,000"
02/01/2020,144.105.857.488,09/01/2020,7,"55,0000","55,000","55,000"
30/12/2019,129.415.115.211,08/01/2020,9,"55,0000","55,000","55,000"
27/12/2019,187.314.666.050,07/12/2019,11,"55,0000","55,000","55,000"
26/12/2019,173.802.737.455,06/01/2020,11,"58,0000","58,000","58,000"
23/12/2019,127.050.339.198,03/01/2020,11,"58,0000","58,000","58,000"
20/12/2019,142.601.702.163,02/01/2020,13,"58,0000","58,000","58,000"
19/12/2019,127.683.516.380,30/12/2019,11,"63,0000","63,000","63,000"
18/12/2019,184.260.483.561,27/12/2019,9,"63,0000","63,000","63,000"
17/12/2019,170.816.950.681,26/12/2019,9,"63,0000","63,000","63,000"
16/12/2019,124.867.719.822,23/12/2019,7,"63,0000","63,000","63,000"
13/12/2019,85.553.325.747,20/12/2019,7,"63,0000","63,000","63,000"
12/12/2019,125.304.448.153,19/12/2019,7,"63,0000","63,000","63,000"
11/12/2019,181.441.919.120,18/12/2019,7,"63,0000","63,000","63,000"
10/12/2019,168.204.026.988,17/12/2019,7,"63,0000","63,000","63,000"
09/12/2019,123.377.053.977,16/12/2019,7,"63,0000","63,000","63,000"
06/12/2019,84.531.993.566,13/12/2019,7,"63,0000","63,000","63,000"
05/12/2019,123.956.385.840,12/12/2019,7,"63,0000","63,000","63,000"
04/12/2019,179.275.872.747,11/12/2019,7,"63,0000","63,000","63,000"
03/12/2019,190.468.406.167,10/12/2019,7,"63,0000","63,000","63,000"
02/12/2019,183.617.436.905,09/12/2019,7,"63,0000","63,010","63,002"
29/11/2019,144.734.123.036,06/12/2019,7,"63,0000","63,010","63,002"
28/11/2019,150.979.799.505,05/12/2019,7,"63,0000","63,010","63,002"
27/11/2019,144.006.461.962,04/01/2020,7,"63,0000","63,010","63,003"
26/11/2019,167.561.954.500,03/12/2019,7,"63,0000","63,010","63,003"
25/11/2019,122.410.839.349,02/12/2019,7,"63,0000","63,010","63,003"
22/11/2019,136.243.591.252,29/11/2019,7,"63,0000","63,010","63,003"
21/11/2019,171.592.508.393,28/11/2019,7,"63,0000","63,010","63,002"
20/11/2019,170.498.268.641,27/11/2019,7,"63,0000","63,010","63,003"
19/11/2019,139.056.845.758,26/11/2019,7,"63,0000","63,010","63,002"
15/11/2019,156.065.504.176,25/11/2019,10,"63,0000","63,010","63,003"
14/11/2019,136.206.073.620,22/11/2019,8,"63,0000","63,020","63,004"
13/11/2019,183.730.912.548,21/11/2019,8,"63,0000","63,020","63,006"
12/11/2019,183.328.104.799,20/11/2019,8,"63,0000","63,040","63,009"
11/11/2019,138.109.883.806,19/11/2019,8,"63,0000","63,150","63,047"
08/11/2019,156.493.238.967,15/11/2019,7,"63,0000","63,500","63,209"
07/11/2019,143.747.948.783,14/11/2019,7,"63,1400","64,250","64,013"
05/11/2019,195.705.320.782,13/11/2019,8,"64,3000","65,200","64,942"
04/11/2019,204.327.715.388,12/11/2019,8,"64,9900","66,355","65,934"
01/11/2019,164.775.554.697,11/11/2019,10,"66,4010","67,500","67,033"
31/10/2019,198.009.547.191,08/11/2019,8,"68,0000","68,010","68,002"
30/10/2019,142.992.129.870,07/11/2019,8,"68,0000","68,010","68,002"
29/10/2019,153.256.721.109,05/11/2019,7,"68,0000","68,010","68,003"
28/10/2019,172.799.391.236,04/10/2019,7,"68,0000","68,010","68,003"
25/10/2019,129.702.260.824,01/11/2019,7,"68,0000","68,010","68,003"
24/10/2019,156.149.999.470,31/10/2019,7,"68,0000","68,010","68,003"
23/10/2019,183.951.730.198,30/10/2019,7,"68,0000","68,010","68,003"
22/10/2019,152.116.051.682,29/10/2019,7,"68,0000","68,010","68,003"
21/10/2019,157.057.643.292,28/10/2019,7,"68,0000","68,010","68,003"
18/10/2019,231.130.021.375,25/10/2019,7,"68,0000","68,010","68,002"
17/10/2019,195.476.637.942,24/10/2019,7,"68,0000","68,010","68,002"
16/10/2019,238.895.073.218,23/10/2019,7,"68,0000","68,010","68,002"
15/10/2019,210.843.660.389,22/10/2019,7,"68,0000","68,010","68,003"
11/10/2019,212.416.374.800,21/10/2019,10,"68,0000","68,050","68,022"
10/10/2019,244.576.405.237,18/10/2019,8,"68,7500","69,500","69,486"
09/10/2019,211.366.625.105,09/10/2019,8,"70,5000","71,000","70,985"
08/10/2019,256.406.033.860,16/10/2019,8,"70,9000","72,000","71,915"
07/10/2019,201.388.807.770,15/10/2019,8,"72,0000","73,000","72,969"
04/10/2019,224.716.483.459,11/10/2019,7,"74,5000","75,000","74,980"
03/10/2019,230.194.185.989,10/10/2019,7,"75,0000","76,000","75,979"
02/10/2019,246.681.983.771,09/10/2019,7,"76,7200","77,000","76,986"
01/10/2019,262.324.725.821,08/10/2019,7,"77,0000","77,750","77,711"
30/09/2019,208.861.983.562,07/10/2019,7,"78,0000","78,500","78,372"
27/09/2019,223.918.716.775,04/10/2019,7,"78,7500","79,250","79,207"
26/09/2019,212.452.854.493,03/10/2019,7,"79,4900","80,050","79,994"
25/09/2019,229.041.272.884,02/10/2019,7,"80,3900","80,850","80,828"
24/09/2019,210.564.176.266,01/10/2019,7,"78,0100","81,350","81,319"
23/09/2019,251.754.686.689,30/09/2019,7,"81,2000","81,850","81,781"
20/09/2019,207.874.861.908,27/09/2019,7,"81,7500","82,350","82,245"
19/09/2019,216.404.574.957,26/09/2019,7,"79,0000","82,900","82,788"
18/09/2019,239.654.551.161,25/09/2019,7,"82,9000","83,430","83,205"
17/09/2019,195.226.928.273,24/09/2019,7,"82,0000","83,850","83,460"
16/09/2019,245.918.199.681,23/09/2019,7,"82,9700","84,350","84,011"
13/09/2019,229.589.596.346,20/09/2019,7,"82,4900","84,500","84,149"
12/09/2019,216.570.347.997,19/09/2019,7,"85,5000","86,000","85,991"
11/09/2019,223.384.823.474,18/09/2019,7,"85,6000","86,000","85,987"
10/09/2019,235.332.541.528,17/09/2019,7,"85,6000","86,000","85,991"
09/09/2019,245.699.468.361,16/09/2019,7,"85,6000","86,000","85,983"
06/09/2019,204.353.828.607,06/09/2019,7,"84,4900","86,000","85,828"
05/09/2019,198.911.298.526,12/09/2019,7,"85,0000","86,000","85,801"
04/09/2019,227.483.328.616,11/09/2019,7,"84,9500","86,000","85,798"
03/09/2019,232.183.815.411,10/09/2019,7,"82,0000","86,000","85,732"
02/09/2019,246.622.544.095,09/09/2019,7,"75,0000","86,000","85,275"
30/08/2019,165.109.218.387,06/09/2019,7,"75,0000","85,000","83,264"
29/08/2019,161.173.928.978,05/09/2019,7,"74,9500","79,900","78,207"
28/08/2019,200.413.461.948,04/09/2019,7,"74,9000","75,000","74,983"
27/08/2019,190.166.694.397,03/09/2019,7,"74,9100","75,000","74,988"
26/08/2019,321.814.951.070,02/09/2019,7,"74,9000","75,000","74,987"
23/08/2019,280.755.150.271,30/08/2019,7,"74,9000","75,000","74,984"
22/08/2019,268.242.761.220,29/08/2019,7,"74,9000","75,000","74,979"
21/08/2019,255.489.477.373,21/08/2019,7,"74,9000","75,000","74,977"
20/08/2019,144.925.890.152,27/08/2019,7,"74,8000","75,000","74,964"
16/08/2019,336.667.047.618,26/08/2019,10,"74,7000","75,000","74,972"
15/08/2019,284.808.565.436,23/08/2019,8,"74,6000","75,000","74,960"
14/08/2019,272.685.367.640,22/08/2019,8,"74,2500","75,000","74,929"
13/08/2019,286.269.987.376,21/08/2019,8,"72,0000","75,000","74,854"
12/08/2019,99.792.193.150,20/08/2019,8,"70,0000","75,000","74,782"
09/08/2019,268.054.219.757,16/08/2019,7,"63,3800","63,850","63,706"
08/08/2019,248.126.705.468,15/08/2019,7,"62,9300","63,640","63,383"
07/08/2019,243.224.786.909,14/08/2019,7,"62,2400","63,290","62,930"
06/08/2019,272.400.100.807,13/08/2019,7,"61,2500","62,740","62,280"
05/08/2019,257.061.887.099,12/08/2019,7,"61,0000","62,190","61,589"
02/08/2019,255.118.300.258,09/08/2019,7,"60,4700","61,250","61,009"
01/08/2019,244.296.065.642,08/08/2019,7,"60,2000","60,850","60,648"
31/07/2019,245.498.906.095,07/08/2019,7,"60,1000","60,550","60,396"
30/07/2019,270.180.530.678,06/08/2019,7,"58,7900","60,400","60,272"
29/07/2019,279.397.259.413,05/08/2019,7,"59,6000","60,220","59,994"
26/07/2019,265.881.127.229,02/08/2019,7,"59,0000","59,900","59,587"
25/07/2019,217.698.938.591,01/07/2019,7,"59,6000","60,220","59,232"
24/07/2019,255.808.465.712,31/07/2019,7,"58,7900","59,190","59,009"
23/07/2019,218.877.625.327,30/07/2019,7,"58,5700","59,050","58,910"
22/07/2019,232.465.564.191,29/07/2019,7,"58,5000","58,980","58,777"
19/07/2019,244.053.132.022,26/07/2019,7,"58,4000","58,900","58,708"
18/07/2019,233.773.186.056,25/07/2019,7,"58,4900","58,780","58,724"
17/07/2019,255.933.204.093,24/07/2019,7,"58,4700","58,850","58,738"
16/07/2019,233.389.332.196,23/07/2019,7,"58,3500","58,890","58,800"
15/07/2019,186.365.567.005,22/07/2019,7,"58,5500","59,000","58,833"
12/07/2019,259.177.913.638,19/07/2019,7,"58,6000","59,100","59,011"
11/07/2019,252.350.463.014,18/07/2019,7,"58,9400","59,350","59,161"
10/07/2019,272.247.228.135,17/07/2019,7,"59,0000","59,600","59,484"
05/07/2019,246.589.996.182,16/07/2019,11,"59,4800","60,040","59,895"
04/07/2019,210.782.174.265,15/07/2019,11,"59,5000","60,500","60,339"
03/07/2019,248.805.467.804,12/07/2019,9,"59,9000","61,000","60,795"
02/07/2019,260.313.833.533,11/07/2019,9,"60,7900","61,750","61,378"
01/07/2019,259.534.500.000,10/07/2019,9,"61,4300","62,470","62,080"
28/06/2019,246.683.378.937,05/07/2019,7,"62,5000","63,090","62,688"
27/06/2019,218.869.516.593,04/07/2019,7,"62,5000","62,900","62,595"
26/06/2019,178.107.032.887,03/07/2019,7,"62,5000","62,850","62,604"
25/06/2019,225.122.845.753,02/08/2019,7,"62,5000","63,130","63,025"
24/06/2019,236.993.203.629,01/07/2019,7,"62,7900","63,940","63,839"
21/06/2019,238.361.886.977,28/06/2019,7,"63,3000","64,800","64,616"
19/06/2019,217.728.420.293,27/06/2019,8,"64,2500","65,600","65,441"
18/06/2019,210.065.515.838,26/06/2019,8,"65,4900","66,300","66,105"
14/06/2019,239.889.776.318,25/06/2019,11,"65,8700","66,950","66,663"
13/06/2019,234.814.625.275,22/06/2019,11,"66,7500","67,550","67,313"
12/06/2019,212.503.159.992,21/06/2019,9,"66,4900","68,350","67,977"
11/06/2019,222.199.610.768,19/06/2019,8,"68,6000","69,000","68,889"
10/06/2019,230.017.878.456,18/06/2019,8,"68,9700","69,390","69,241"
07/06/2019,225.463.536.712,14/06/2019,7,"68,7500","69,740","69,610"
06/06/2019,225.617.012.529,13/06/2019,7,"69,7500","70,090","69,967"
05/06/2019,235.102.870.660,12/06/2019,7,"69,9900","70,585","70,275"
04/06/2019,223.700.461.649,11/06/2019,7,"70,0000","70,630","70,532"
03/06/2019,230.693.117.512,10/06/2019,7,"70,3000","70,790","70,691"
31/05/2019,220.401.120.589,07/06/2019,7,"70,4800","70,870","70,730"
30/05/2019,168.451.949.123,06/06/2019,7,"70,4900","70,880","70,752"
29/05/2019,190.691.645.279,05/06/2019,7,"70,2500","70,900","70,747"
28/05/2019,208.479.790.417,04/06/2019,7,"70,2500","70,920","70,793"
27/05/2019,194.178.491.371,03/06/2019,7,"70,2000","70,990","70,823"
24/05/2019,229.547.106.264,31/05/2019,7,"70,2000","71,100","70,904"
23/05/2019,206.344.361.164,30/05/2019,7,"70,4500","71,150","70,892"
22/05/2019,196.959.686.594,29/05/2019,7,"69,9800","71,250","70,985"
21/05/2019,220.914.779.891,28/05/2019,7,"70,1500","71,380","71,218"
20/05/2019,208.775.896.345,27/05/2019,7,"71,1500","71,500","71,441"
17/05/2019,221.899.519.686,24/05/2019,7,"71,0000","71,600","71,476"
16/05/2019,219.687.959.862,23/05/2019,7,"71,1000","71,700","71,571"
15/05/2019,208.302.239.862,22/05/2019,7,"70,8900","71,800","71,602"
14/05/2019,197.162.651.003,21/05/2019,7,"71,2000","71,850","71,627"
13/05/2019,195.710.701.857,20/05/2019,7,"71,0000","71,980","71,743"
10/05/2019,217.068.816.329,17/05/2019,7,"71,3500","72,250","72,053"
09/05/2019,217.002.278.465,16/05/2019,7,"72,0000","72,739","72,481"
08/05/2019,225.409.923.106,15/05/2019,7,"72,1900","73,079","72,875"
07/05/2019,215.203.046.791,14/05/2019,7,"72,9320","73,450","73,242"
06/05/2019,217.215.103.436,13/05/2019,7,"72,4900","73,780","73,530"
03/05/2019,191.016.254.682,10/05/2019,7,"73,0000","73,999","73,766"
02/05/2019,192.120.200.000,09/05/2019,7,"73,5000","74,195","74,069"
30/04/2019,183.347.884.295,08/05/2019,8,"72,2460","74,240","73,930"
29/04/2019,207.098.863.776,07/05/2019,8,"71,1400","74,239","73,191"
26/04/2019,196.585.595.330,06/05/2019,10,"68,0000","73,250","71,868"
25/04/2019,183.382.984.633,03/05/2019,8,"68,4010","73,000","71,039"
24/04/2019,172.398.751.029,02/05/2019,8,"67,7500","69,080","68,366"
23/04/2019,185.674.871.216,30/04/2019,7,"66,7040","68,296","67,891"
22/04/2019,197.830.711.375,29/04/2019,7,"66,4900","68,385","67,872"
17/04/2019,255.586.050.034,26/04/2019,9,"66,5790","68,390","67,120"
16/04/2019,216.773.418.389,25/04/2019,9,"66,4500","66,899","66,792"
15/04/2019,198.134.874.058,24/04/2019,9,"66,2000","66,950","66,852"
12/04/2019,203.509.572.746,23/04/2019,11,"66,4000","67,000","66,860"
11/04/2019,205.983.714.019,22/04/2019,11,"66,3000","67,000","66,813"
10/04/2019,199.637.378.666,17/04/2019,7,"66,4000","67,047","66,755"
09/04/2019,204.750.977.507,16/04/2019,7,"66,6000","67,048","66,937"
08/04/2019,197.763.209.207,15/04/2019,7,"66,7500","67,298","67,172"
05/04/2019,218.098.947.621,12/04/2019,7,"66,9000","67,598","67,379"
04/04/2019,210.023.294.875,11/04/2019,7,"67,0040","67,900","67,691"
03/04/2019,201.879.314.611,10/04/2019,7,"67,4900","68,190","67,981"
01/04/2019,202.983.800.033,09/04/2019,8,"66,1000","68,500","68,149"
29/03/2019,166.002.623.523,08/04/2019,10,"66,2500","68,650","68,155"
28/03/2019,186.063.234.016,05/04/2019,8,"67,5000","68,648","68,349"
27/03/2019,201.445.493.046,04/04/2019,8,"65,4000","68,500","67,758"
26/03/2019,190.800.798.430,03/04/2019,8,"65,4000","67,496","66,925"
25/03/2019,183.326.035.412,01/04/2019,7,"65,4000","67,200","66,827"
22/03/2019,210.026.699.622,29/03/2019,7,"65,4000","67,299","66,655"
21/03/2019,187.513.327.022,28/03/2019,7,"64,9879","66,200","65,758"
20/03/2019,210.121.597.190,27/03/2019,7,"63,5999","65,990","64,885"
19/03/2019,209.081.093.853,26/03/2019,7,"62,9900","64,200","63,873"
18/03/2019,190.378.845.051,25/03/2019,7,"62,1001","64,039","63,707"
15/03/2019,204.862.565.157,22/03/2019,7,"61,9856","64,180","63,744"
14/03/2019,202.220.711.413,21/03/2019,7,"62,0001","64,250","63,664"
13/03/2019,201.038.835.477,20/03/2019,7,"61,0000","64,149","63,328"
12/03/2019,200.000.000.000,19/03/2019,7,"58,0000","63,500","62,119"
11/03/2019,185.726.568.392,18/03/2019,7,"57,0000","60,730","59,863"
08/03/2019,206.191.753.154,15/03/2019,7,"52,0000","60,491","57,894"
07/03/2019,223.174.407.755,14/03/2019,7,"49,4900","53,499","51,862"
06/03/2019,200.526.817.921,13/03/2019,7,"48,7515","51,450","50,551"
01/03/2019,200.000.000.000,12/03/2019,11,"47,9990","50,540","50,219"
28/02/2019,153.343.984.573,11/02/2019,11,"48,0000","50,480","50,127"
27/02/2019,185.000.000.000,08/03/2019,9,"48,0000","50,490","49,982"
26/02/2019,160.000.000.000,07/03/2019,9,"48,0000","50,492","50,065"
25/02/2019,160.000.000.000,06/03/2019,9,"47,0000","50,496","49,829"
22/02/2019,166.694.026.641,01/03/2019,7,"47,0000","50,500","49,521"
21/02/2019,183.875.456.693,28/02/2019,7,"44,0013","50,500","49,026"
20/02/2019,212.660.537.681,27/02/2019,7,"40,4986","49,989","46,014"
19/02/2019,180.000.000.000,26/02/2019,7,"43,2501","44,988","44,486"
18/02/2019,190.000.000.000,25/02/2019,7,"43,2008","44,749","44,312"
15/02/2019,185.000.000.000,22/02/2019,7,"42,9993","44,599","44,214"
14/02/2019,180.000.000.000,21/02/2019,7,"42,9993","44,650","43,937"
13/02/2019,200.000.000.000,20/02/2019,7,"42,9993","44,690","43,971"
12/02/2019,190.000.000.000,19/02/2019,7,"43,3015","44,749","44,356"
11/02/2019,190.000.000.000,18/02/2019,7,"43,8900","45,720","45,155"
08/02/2019,185.000.000.000,15/02/2019,7,"44,9400","46,500","46,243"
07/02/2019,180.000.000.000,14/02/2019,7,"46,0012","47,890","47,550"
06/02/2019,175.000.000.000,13/02/2019,7,"48,4800","49,001","48,824"
05/02/2019,185.000.000.000,12/02/2019,7,"49,4749","50,394","50,020"
04/02/2019,180.000.000.000,11/02/2019,7,"49,9949","51,749","51,304"
01/02/2019,170.000.000.000,08/02/2019,7,"51,4950","52,940","52,441"
31/01/2019,145.000.000.000,07/02/2019,7,"53,5000","54,000","53,687"
30/01/2019,160.000.000.000,06/02/2019,7,"51,9990","55,190","54,889"
29/01/2019,150.000.000.000,05/02/2019,7,"54,9780","55,949","55,639"
28/01/2019,140.000.000.000,04/02/2019,7,"55,2510","56,492","56,314"
25/01/2019,148.976.608.165,01/02/2019,7,"55,7460","56,780","56,598"
24/01/2019,141.800.900.000,31/01/2019,7,"55,9970","56,988","56,697"
23/01/2019,155.727.050.142,30/01/2019,7,"56,2500","57,148","56,872"
22/01/2019,198.284.164.742,29/01/2019,7,"56,2520","57,240","56,942"
21/01/2019,170.307.395.198,28/01/2019,7,"56,4980","57,339","57,134"
18/01/2019,162.323.800.026,25/01/2019,7,"56,4980","57,340","57,253"
17/01/2019,147.827.187.103,24/01/2019,7,"56,6000","57,650","57,316"
16/01/2019,164.097.050.731,23/01/2019,7,"56,8000","57,750","57,542"
15/01/2019,211.630.718.876,22/01/2019,7,"57,0500","58,000","57,610"
14/01/2019,172.096.394.981,21/01/2019,7,"57,2500","58,250","57,801"
11/01/2019,140.352.708.604,18/01/2019,7,"56,9990","58,450","58,107"
10/01/2019,151.332.806.343,17/01/2019,7,"57,7500","58,747","58,459"
09/01/2019,155.303.160.906,16/01/2019,7,"58,0000","58,997","58,782"
08/01/2019,211.184.585.451,15/01/2019,7,"58,2460","59,147","58,800"
07/01/2019,193.244.169.439,14/01/2019,7,"58,4960","59,300","58,964"
04/01/2019,129.762.603.739,11/01/2019,7,"58,5020","59,450","59,287"
03/01/2019,151.371.142.046,10/01/2019,7,"58,5000","59,600","59,435"
02/01/2019,130.436.296.170,09/01/2019,7,"58,4750","59,739","59,413"
28/12/2018,216.930.791.448,08/01/2019,11,"58,5000","59,850","59,252"
27/12/2018,176.006.349.183,07/01/2019,11,"58,5000","59,850","59,394"
26/12/2018,119.755.392.694,04/01/2019,9,"58,1680","59,850","59,356"
21/12/2018,118.269.353.827,03/01/2019,13,"58,4990","59,850","59,383"
20/12/2018,91.487.101.308,02/01/2019,13,"58,9990","59,881","59,582"
19/12/2018,207.401.218.201,28/12/2018,9,"58,7980","59,896","59,445"
18/12/2018,162.652.472.935,27/12/2018,9,"58,7500","59,896","59,441"
17/12/2018,120.514.826.178,26/12/2018,9,"58,4000","59,750","59,411"
14/12/2018,125.132.175.794,21/12/2018,7,"58,4000","59,750","59,077"
13/12/2018,80.748.032.652,20/12/2018,7,"58,4000","59,499","59,164"
12/12/2018,156.296.207.265,19/12/2018,7,"58,4480","59,499","59,133"
11/12/2018,141.171.510.173,18/12/2018,7,"58,0000","59,550","58,966"
10/12/2018,121.663.228.630,17/12/2018,7,"56,9980","59,600","59,226"
07/12/2018,159.753.670.141,14/12/2018,7,"58,0000","59,700","59,160"
06/12/2018,108.651.043.228,13/12/2018,7,"57,9470","59,728","59,009"
05/12/2018,177.040.196.818,12/12/2018,7,"56,9980","59,744","59,102"
04/12/2018,163.632.726.035,11/12/2018,7,"60,0000","60,016","60,003"
03/12/2018,160.231.324.237,10/12/2018,7,"60,0000","60,490","60,278"
29/11/2018,189.161.659.612,07/12/2018,8,"60,0000","61,026","60,753"
28/11/2018,120.050.647.648,06/12/2018,8,"60,0000","61,447","61,198"
27/11/2018,140.075.161.357,05/12/2018,8,"60,0000","61,691","61,248"
26/11/2018,134.579.200.000,04/12/2018,8,"60,0000","61,749","61,237"
23/11/2018,134.844.043.722,03/12/2018,10,"60,0000","61,749","61,405"
22/11/2018,145.742.117.627,29/11/2018,7,"60,0000","62,000","61,699"
21/11/2018,97.933.618.729,28/11/2018,7,"60,0000","62,397","61,954"
20/11/2018,93.325.355.685,27/11/2018,7,"60,0000","62,500","62,118"
16/11/2018,132.265.917.764,26/11/2018,10,"60,0000","62,991","62,208"
15/11/2018,183.543.240.259,23/11/2018,8,"60,0000","63,496","62,499"
14/11/2018,174.744.982.217,22/11/2018,8,"60,0000","64,099","63,291"
13/11/2018,73.419.699.452,21/11/2018,8,"65,0000","65,200","65,044"
12/11/2018,111.981.287.997,20/11/2018,8,"65,0000","66,000","65,772"
09/11/2018,139.274.423.589,16/11/2018,7,"65,0000","66,897","66,654"
08/11/2018,176.609.652.324,15/11/2018,7,"65,0000","67,499","67,133"
07/11/2018,167.157.607.414,14/11/2018,7,"65,0000","68,090","67,433"
05/11/2018,96.070.652.196,12/11/2018,7,"65,0000","68,500","68,197"
02/11/2018,139.379.808.061,09/11/2018,7,"65,0000","69,001","68,519"
01/11/2018,173.744.224.617,08/11/2018,7,"65,0000","69,599","68,801"
31/10/2018,154.492.494.954,07/11/2018,7,"65,0000","69,990","68,048"
30/10/2018,109.441.070.294,07/11/2018,8,"65,0000","70,900","70,048"
29/10/2018,39.370.000.000,05/11/2018,7,"65,0000","71,029","70,626"
26/10/2018,125.041.910.682,02/11/2018,7,"65,0000","72,498","71,756"
25/10/2018,155.886.270.873,01/11/2018,7,"65,0000","72,691","71,935"
24/10/2018,159.136.331.637,31/10/2018,7,"65,0000","72,750","71,869"
23/10/2018,110.929.136.164,30/10/2018,7,"65,0000","72,996","71,392"
22/10/2018,12.410.000.000,29/10/2018,7,"65,0000","72,010","71,729"
19/10/2018,135.643.846.659,26/10/2018,7,"65,0000","73,890","72,881"
18/10/2018,152.373.250.513,25/10/2018,7,"65,0000","73,900","72,537"
17/10/2018,185.053.412.341,24/10/2018,7,"65,0000","73,920","72,661"
16/10/2018,132.119.424.050,23/10/2018,7,"65,0000","73,920","72,198"
12/10/2018,103.302.867.923,19/10/2018,7,"65,0000","73,902","71,997"
11/10/2018,98.843.181.995,18/10/2018,7,"65,0000","73,988","72,728"
10/10/2018,107.774.231.017,17/10/2018,7,"65,0000","73,988","72,409"
09/10/2018,60.108.365.525,16/10/2018,7,"65,0000","73,999","72,602"
08/10/2018,82.995.551.781,16/10/2018,8,"65,0000","74,050","73,524"
05/10/2018,104.830.894.742,12/10/2018,7,"65,0000","74,101","73,314"
04/10/2018,97.708.674.359,11/10/2018,7,"65,0000","74,037","72,831"
03/10/2018,109.519.938.724,10/10/2018,7,"65,0000","74,037","71,267"
02/10/2018,52.815.000.000,09/10/2018,7,"65,0000","73,000","69,465"
01/10/2018,71.060.000.000,08/10/2018,7,"65,0000","71,999","67,175"
